task,dataset,run_id,total_pairs,gold_positive,predicted_positive,tp,fp,fn,tn,precision,recall,f1,accuracy,fpr
conflict_detection,ETCS-GOLD,round4,2016,49,62,36,26,13,1941,0.58,0.73,0.65,0.98,0.01
conflict_detection,OpenAPI Specification 3.0,main_run,1653,20,22,20,2,0,1631,0.91,1.00,0.95,1.00,0.00
conflict_detection,promise-project2,run_20260705_151807,2016,11,8,7,1,4,2004,0.88,0.64,0.74,1.00,0.00
conflict_detection,Broker-All,broker-all-20260707_184711_sync,990,13,9,8,1,5,976,0.89,0.62,0.73,0.99,0.00
conflict_detection,Library-Gold,library-gold-20260708_131425_sync,5886,20,17,17,0,3,5866,1.00,0.85,0.92,1.00,0.00
conflict_detection,macro_average,,,,,,,,,0.85,0.77,0.80,0.99,0.00
conflict_detection,micro_total,,12561,113,118,88,30,25,12418,0.75,0.78,0.76,1.00,0.00
duplicate_detection,ETCS-GOLD,round4,2016,20,20,20,0,0,1996,1.00,1.00,1.00,1.00,0.00
duplicate_detection,OpenAPI Specification 3.0,main_run,1653,10,10,10,0,0,1643,1.00,1.00,1.00,1.00,0.00
duplicate_detection,promise-project2,run_20260705_151807,2016,0,0,0,0,0,2016,NA,NA,NA,1.00,0.00
duplicate_detection,Broker-All,broker-all-20260707_184711_sync,990,0,0,0,0,0,990,NA,NA,NA,1.00,0.00
duplicate_detection,Library-Gold,library-gold-20260708_131425_sync,5886,0,0,0,0,0,5886,NA,NA,NA,1.00,0.00
duplicate_detection,macro_average,,,,,,,,,1.00,1.00,1.00,1.00,0.00
duplicate_detection,micro_total,,12561,30,30,30,0,0,12531,1.00,1.00,1.00,1.00,0.00
