dataset,agent,evaluated_pairs,compatible,incompatible,uncertain,missing,abstention_rate,single_view_abstention,multiple_view_abstention,targeted_by_da,final_compatible,final_incompatible,final_uncertain
ETCS-GOLD,semantic,778,673,46,59,0,0.0758,36,23,2,27,7,25
ETCS-GOLD,logic,778,637,47,94,0,0.1208,70,24,25,57,5,32
ETCS-GOLD,feasibility,778,691,75,12,0,0.0154,7,5,6,7,2,3
ETCS-GOLD,goal,778,673,103,2,0,0.0026,1,1,1,2,0,0
OpenAPI Specification 3.0,semantic,594,569,14,11,0,0.0185,8,3,2,8,1,2
OpenAPI Specification 3.0,logic,594,553,15,26,0,0.0438,23,3,12,24,1,1
OpenAPI Specification 3.0,feasibility,594,542,52,0,0,0.0,0,0,0,0,0,0
OpenAPI Specification 3.0,goal,594,555,39,0,0,0.0,0,0,0,0,0,0
promise-project2,semantic,913,883,19,11,0,0.012,6,5,4,5,0,6
promise-project2,logic,913,882,9,22,0,0.0241,16,6,12,14,1,7
promise-project2,feasibility,913,904,5,4,0,0.0044,2,2,2,2,1,1
promise-project2,goal,913,855,40,18,0,0.0197,11,7,11,15,0,3
Broker-All,semantic,654,627,19,8,0,0.0122,6,2,2,4,0,4
Broker-All,logic,654,633,8,13,0,0.0199,11,2,8,8,1,4
Broker-All,feasibility,654,644,10,0,0,0.0,0,0,0,0,0,0
Broker-All,goal,654,611,41,2,0,0.0031,0,2,0,0,0,2
Library-Gold,semantic,2875,2760,52,63,0,0.0219,26,37,11,28,0,35
Library-Gold,logic,2875,2813,14,48,0,0.0167,17,31,14,15,4,29
Library-Gold,feasibility,2875,2825,31,19,0,0.0066,2,17,6,2,0,17
Library-Gold,goal,2875,2630,196,49,0,0.017,19,30,21,20,0,29
