R1,R2,Requirement1_text,Requirement2_text,class,change_reason
10,12,"ETCS shall not be required to provide any track-to-train or train-to-track information via continuous transmission
media, i.e. radio.","Basic track to train and train to track information via continuous transmission media, i.e. radio. The train detection is provided by trackside.",conflict,
13,64,ETCS shall not be compatible with any national systems listed in the CCS TSI.,"ETCS shall be compatible with existing national systems listed in the CCS TSI such that it does not interfere with
the national systems and is not interfered with by the national systems.",conflict,
18,37,ETCS is required to be functional to a maximum train speed of 600 km/h.,ETCS shall only be functional up to a maximum train speed of 100 km/h.,conflict,
18,49,ETCS is required to be functional to a maximum train speed of 600 km/h.,ETCS is required to be functional to a maximum train speed of 500 km/h.,conflict,
19,45,ETCS shall not be able to supervise shunting movements.,ETCS shall be able to supervise train and shunting movements.,conflict,
19,53,ETCS shall not be able to supervise shunting movements.,ETCS shall be able to supervise train and shunting movements.,conflict,
23,61,ETCS shall provide the driver with information to allow him to drive the train safely.,"ETCS shall only provide the driver with information to allow him to drive the train safely if the train speed is below
400 km/h.",conflict,
24,61," Default values shall be harmonised values, permanently stored in all ERTMS/ETCS on board equipment. ETCS shall
provide the driver with information to allow him to drive the train safely.","ETCS shall only provide the driver with information to allow him to drive the train safely if the train speed is below
400 km/h.",conflict,
25,45,ETCS shall not be able to supervise train or shunting movements.,ETCS shall be able to supervise train and shunting movements.,conflict,
25,53,ETCS shall not be able to supervise train or shunting movements.,ETCS shall be able to supervise train and shunting movements.,conflict,
3,10,"Basic track to train and train to track information via continuous transmission media, i.e. radio. The train detection is provided by trackside","ETCS shall not be required to provide any track-to-train or train-to-track information via continuous transmission
media, i.e. radio.",conflict,
38,18,ETCS is required to be functional to a maximum train speed of 500 km/h.,ETCS is required to be functional to a maximum train speed of 600 km/h.,conflict,
38,37,ETCS is required to be functional to a maximum train speed of 500 km/h.,ETCS shall only be functional up to a maximum train speed of 100 km/h.,conflict,
38,49,ETCS is required to be functional to a maximum train speed of 500 km/h.,ETCS is required to be functional to a maximum train speed of 500 km/h.,duplicate,
43,46,"The ETCS onboard equipment shall automatically switch to the lowest level available on a line, even if it is not
equipped for that level.","If an ETCS equipped train passes a level transition to a line fitted with more than one level, the onboard shall
switch to the highest level, according to the priority given by trackside, for which it is equipped",conflict,
49,17,ETCS is required to be functional to a maximum train speed of 500 km/h.,"track to train information provided by national system. Onboard functions provided by national system (STM) in
co-operation with onboard ETCS.",conflict,
49,37,ETCS is required to be functional to a maximum train speed of 500 km/h.,ETCS shall only be functional up to a maximum train speed of 100 km/h.,conflict,
52,4,"ETCS shall not require the driver to acknowledge any level transitions, even if requested from trackside.","The driver shall acknowledge the level transitions, if requested from trackside. If the driver does not acknowledge after the transition the brake shall be applied. If the driver acknowledges afterwards, the brake can be released",conflict,
52,47,"ETCS shall not require the driver to acknowledge any level transitions, even if requested from trackside.","The driver shall acknowledge the level transitions, if requested from trackside. If the driver does not acknowledge
after the transition the brake shall be applied. If the driver acknowledges afterwards, the brake can be released",conflict,
56,44,Basic track to train information shall only be provided via radio and not via balises.,"Basic track to train information via intermittent transmission media, e.g. balises. This information can be
supported by infill, transmitted via balise, loop or radio.",conflict,
56,55,Basic track to train information shall only be provided via radio and not via balises.,"Basic track to train information via intermittent transmission media, e.g. balises. This information can be
supported by infill, transmitted via balise, loop or radio.",conflict,
58,13,"ETCS shall only be compatible with national systems listed in the CCS TSI if those systems are also equipped with
ETCS.",ETCS shall not be compatible with any national systems listed in the CCS TSI.,conflict,
58,64,"ETCS shall only be compatible with national systems listed in the CCS TSI if those systems are also equipped with
ETCS.","ETCS shall be compatible with existing national systems listed in the CCS TSI such that it does not interfere with
the national systems and is not interfered with by the national systems.",conflict,
6,13,ETCS shall be compatible with existing national systems listed in the CCS TSI such that it does not interfere with the national systems and is not interfered with by the national systems.,ETCS shall not be compatible with any national systems listed in the CCS TSI.,conflict,
6,58,ETCS shall be compatible with existing national systems listed in the CCS TSI such that it does not interfere with the national systems and is not interfered with by the national systems.,"ETCS shall only be compatible with national systems listed in the CCS TSI if those systems are also equipped with
ETCS.",conflict,
61,18,"ETCS shall only provide the driver with information to allow him to drive the train safely if the train speed is below
400 km/h.",ETCS is required to be functional to a maximum train speed of 600 km/h.,conflict,
61,37,"ETCS shall only provide the driver with information to allow him to drive the train safely if the train speed is below
400 km/h.",ETCS shall only be functional up to a maximum train speed of 100 km/h.,conflict,
61,38,"ETCS shall only provide the driver with information to allow him to drive the train safely if the train speed is below
400 km/h.",ETCS is required to be functional to a maximum train speed of 500 km/h.,conflict,
61,49,"ETCS shall only provide the driver with information to allow him to drive the train safely if the train speed is below
400 km/h.",ETCS is required to be functional to a maximum train speed of 500 km/h.,conflict,
63,41,"national values received from the trackside shall be valid only for a limited time, after which they will be
automatically deleted from the onboard equipment.",Once received onboard the national values shall remain valid even if the onboard equipment is switched off.,conflict,
63,46,"national values received from the trackside shall be valid only for a limited time, after which they will be
automatically deleted from the onboard equipment.","If an ETCS equipped train passes a level transition to a line fitted with more than one level, the onboard shall
switch to the highest level, according to the priority given by trackside, for which it is equipped",conflict,
8,4,ETCS shall not require any driver input for level transitions.,"The driver shall acknowledge the level transitions, if requested from trackside. If the driver does not acknowledge after the transition the brake shall be applied. If the driver acknowledges afterwards, the brake can be released",conflict,
8,47,ETCS shall not require any driver input for level transitions.,"The driver shall acknowledge the level transitions, if requested from trackside. If the driver does not acknowledge
after the transition the brake shall be applied. If the driver acknowledges afterwards, the brake can be released",conflict,
8,9,ETCS shall not require any driver input for level transitions.,"If, as a result of an automatic transition, except for transitions to and from national Operation (STM), the responsibility for the driver increases, the ETCS shall seek an acknowledgement from the driver, whether the train is stationary or not.",conflict,
1,32,The current operational status shall be indicated to the driver on the DMI,The current operational status shall be indicated to the driver on the DMI,duplicate,"Duplicate requirements waste development and maintenance resources, and can lead to version inconsistencies and management confusion during subsequent changes."
2,59,The current application level shall be indicated on the DMI.,The current application level shall be indicated on the DMI.,duplicate,"Duplicate requirements waste development and maintenance resources, and can lead to version inconsistencies and management confusion during subsequent changes."
4,47,"The driver shall acknowledge the level transitions, if requested from trackside. If the driver does not acknowledge after the transition the brake shall be applied. If the driver acknowledges afterwards, the brake can be released","The driver shall acknowledge the level transitions, if requested from trackside. If the driver does not acknowledge
after the transition the brake shall be applied. If the driver acknowledges afterwards, the brake can be released",duplicate,"Duplicate requirements waste development and maintenance resources, and can lead to version inconsistencies and management confusion during subsequent changes."
5,50,"For transitions to and from national Operation (STM) the ETCS shall request, an acknowledgement by the driver.","For transitions to and from national Operation (STM) the ETCS shall request, an acknowledgement by the driver.",duplicate,"Duplicate requirements waste development and maintenance resources, and can lead to version inconsistencies and management confusion during subsequent changes."
6,64,ETCS shall be compatible with existing national systems listed in the CCS TSI such that it does not interfere with the national systems and is not interfered with by the national systems.,"ETCS shall be compatible with existing national systems listed in the CCS TSI such that it does not interfere with
the national systems and is not interfered with by the national systems.",duplicate,"Duplicate requirements waste development and maintenance resources, and can lead to version inconsistencies and management confusion during subsequent changes."
7,14,Any transition which occurs while the train is moving shall in principle occur automatically.,Any transition which occurs while the train is moving shall in principle occur automatically.,duplicate,"Duplicate requirements waste development and maintenance resources, and can lead to version inconsistencies and management confusion during subsequent changes."
11,20,"In case the transition has to be acknowledged and the driver fails to acknowledge as required, the ETCS shall initiate a brake application","In case the transition has to be acknowledged and the driver fails to acknowledge as required, the ETCS shall
initiate a brake application",duplicate,"Duplicate requirements waste development and maintenance resources, and can lead to version inconsistencies and management confusion during subsequent changes."
16,54,"If the on-board has no valid national values for the current location, default values shall be used by the onboard
equipment.","If the on-board has no valid national values for the current location, default values shall be used by the onboard
equipment.",duplicate,"Duplicate requirements waste development and maintenance resources, and can lead to version inconsistencies and management confusion during subsequent changes."
17,22,"track to train information provided by national system. Onboard functions provided by national system (STM) in
co-operation with onboard ETCS.","track to train information provided by national system. Onboard functions provided by national system (STM) in
co-operation with onboard ETCS.",duplicate,"Duplicate requirements waste development and maintenance resources, and can lead to version inconsistencies and management confusion during subsequent changes."
21,39,national values shall be applicable to a defined area.,national values shall be applicable to a defined area.,duplicate,"Duplicate requirements waste development and maintenance resources, and can lead to version inconsistencies and management confusion during subsequent changes."
26,57,"ETCS active for limited train control function; trackside not fitted with any train control system or fitted with a
train control system for which no STM is available onboard."," ETCS active for limited train control function; trackside not fitted with any train control system or fitted with a
train control system for which no STM is available onboard.",duplicate,"Duplicate requirements waste development and maintenance resources, and can lead to version inconsistencies and management confusion during subsequent changes."
27,62,"During the transition period between two operational states (including two different national operations) the
supervision provided shall at least ensure the same protection provided by the least restrictive state.","During the transition period between two operational states (including two different national operations) the
supervision provided shall at least ensure the same protection provided by the least restrictive state.",duplicate,"Duplicate requirements waste development and maintenance resources, and can lead to version inconsistencies and management confusion during subsequent changes."
30,33,"If an ETCS equipped train passes a level transition to one or more levels for which it is not equipped, ETCS shall
initiate a brake application.","If an ETCS equipped train passes a level transition to one or more levels for which it is not equipped, ETCS shall
initiate a brake application.",duplicate,"Duplicate requirements waste development and maintenance resources, and can lead to version inconsistencies and management confusion during subsequent changes."
34,48,"transitions which occur while the train is stationary, shall be initiated automatically or manually as appropriate.","transitions which occur while the train is stationary, shall be initiated automatically or manually as appropriate.",duplicate,"Duplicate requirements waste development and maintenance resources, and can lead to version inconsistencies and management confusion during subsequent changes."
35,51,"Trains equipped for ERTMS/ETCS application level 3 shall be able to run on lines equipped with ERTMS/ETCS
application level 3, 2, 1 and 0, trains equipped for ERTMS/ETCS application level 2 shall be able to run on lines
equipped with ERTMS/ETCS application level 2, 1 and 0 and trains equipped for ERTMS/ETCS application level 1
shall be able to run on lines equipped with ERTMS/ETCS application level 1 and 0.","Trains equipped for ERTMS/ETCS application level 3 shall be able to run on lines equipped with ERTMS/ETCS
application level 3, 2, 1 and 0, trains equipped for ERTMS/ETCS application level 2 shall be able to run on lines
equipped with ERTMS/ETCS application level 2, 1 and 0 and trains equipped for ERTMS/ETCS application level 1
shall be able to run on lines equipped with ERTMS/ETCS application level 1 and 0.",duplicate,"Duplicate requirements waste development and maintenance resources, and can lead to version inconsistencies and management confusion during subsequent changes."
36,41,Once received onboard the national values shall remain valid even if the onboard equipment is switched off.,Once received onboard the national values shall remain valid even if the onboard equipment is switched off.,duplicate,"Duplicate requirements waste development and maintenance resources, and can lead to version inconsistencies and management confusion during subsequent changes."
40,60,"The ETCS on-board shall be capable of receiving national values from the trackside to adapt to national
requirements","The ETCS on-board shall be capable of receiving national values from the trackside to adapt to national
requirements",duplicate,"Duplicate requirements waste development and maintenance resources, and can lead to version inconsistencies and management confusion during subsequent changes."
44,55,"Basic track to train information via intermittent transmission media, e.g. balises. This information can be
supported by infill, transmitted via balise, loop or radio.","Basic track to train information via intermittent transmission media, e.g. balises. This information can be
supported by infill, transmitted via balise, loop or radio.",duplicate,"Duplicate requirements waste development and maintenance resources, and can lead to version inconsistencies and management confusion during subsequent changes."
45,53,ETCS shall be able to supervise train and shunting movements.,ETCS shall be able to supervise train and shunting movements.,duplicate,"Duplicate requirements waste development and maintenance resources, and can lead to version inconsistencies and management confusion during subsequent changes."
1,42,The current operational status shall be indicated to the driver on the DMI,ETCS shall not provide any information to the driver during level transitions.,conflict,"Since the DMI is a component of the ETCS system, and R1 does not impose additional restrictions, its context implicitly requires the ETCS system to indicate the current operational status to the driver on the DMI throughout the entire operation; however, R42 explicitly prohibits ETCS from providing any information to the driver during level transitions. Since level transitions constitute a phase within normal operation, the two requirements are in direct conflict in this scenario."
2,42,The current application level shall be indicated on the DMI.,ETCS shall not provide any information to the driver during level transitions.,conflict,"Since the DMI is a component of the ETCS system, and R2 does not impose additional restrictions, its context implicitly requires the ETCS system to indicate the current application level on the DMI throughout the entire operation; however, R42 explicitly prohibits ETCS from providing any information to the driver during level transitions. Since level transitions constitute a phase within normal operation, and the current application level indicated on the DMI constitutes a form of information provided to the driver, the two requirements are in direct conflict in this scenario."
23,42,ETCS shall provide the driver with information to allow him to drive the train safely.,ETCS shall not provide any information to the driver during level transitions.,conflict,"Since R23 does not impose additional restrictions, its context implicitly requires ETCS to provide the driver with information to allow him to drive the train safely throughout the entire operation; however, R42 explicitly prohibits ETCS from providing any information to the driver during level transitions. Since level transitions constitute a phase within normal operation, the two requirements are in direct conflict in this scenario."
24,42," Default values shall be harmonised values, permanently stored in all ERTMS/ETCS on board equipment. ETCS shall
provide the driver with information to allow him to drive the train safely.",ETCS shall not provide any information to the driver during level transitions.,conflict,"Since R24 does not impose additional restrictions, its context implicitly requires ETCS to provide the driver with information to allow him to drive the train safely throughout the entire operation; however, R42 explicitly prohibits ETCS from providing any information to the driver during level transitions. Since level transitions constitute a phase within normal operation, the two requirements are in direct conflict in this scenario."
42,59,ETCS shall not provide any information to the driver during level transitions.,The current application level shall be indicated on the DMI.,conflict,"Since the DMI is a component of the ETCS system, and R59 does not impose additional restrictions, its context implicitly requires the ETCS system to indicate the current application level on the DMI throughout the entire operation; however, R42 explicitly prohibits ETCS from providing any information to the driver during level transitions. Since level transitions"
15,52,"If, as a result of an automatic transition, except for transitions to and from national Operation (STM), the responsibility for the driver increases, the ETCS shall seek an acknowledgement from the driver, whether th responsibility for the driver increases, the ETCS shall seek an acknowledgement from the driver, whether the train is stationary or not.","ETCS shall not require the driver to acknowledge any level transitions, even if requested from trackside.",conflict,"When an automatic transition results in an increase in the responsibility for the driver, R15 requires ETCS to seek an acknowledgement from the driver; however, R52 explicitly prohibits ETCS from requiring the driver to acknowledge any level transitions. Since the constraint ""even if requested from trackside"" extends the scope of R52 to all scenarios regardless of whether the transition is initiated by trackside equipment, the two requirements are in direct conflict in the scenario defined by R15."
28,37,"ETCS shall allow for manual speed control by the driver at all times, regardless of the maximum train speed.",ETCS shall only be functional up to a maximum train speed of 100 km/h.,conflict,"R28 requires ETCS to allow for manual speed control by the driver at all times, regardless of the maximum train speed; however, R37 restricts ETCS to only be functional up to a maximum train speed of 100 km/h. Since manual speed control by the driver is a form of functionality, beyond 100 km/h ETCS may no longer be functional and thus unable to allow for manual speed control by the driver, the two requirements are in direct conflict in this scenario."
30,37,"If an ETCS equipped train passes a level transition to one or more levels for which it is not equipped, ETCS shall
initiate a brake application.",ETCS shall only be functional up to a maximum train speed of 100 km/h.,conflict,"R30 requires ETCS to initiate a brake application when an ETCS equipped train passes a level transition to one or more levels for which it is not equipped; however, R37 restricts ETCS to only be functional up to a maximum train speed of 100 km/h. Since initiating a brake application is a form of functionality, beyond 100 km/h ETCS may no longer be functional and thus unable to initiate a brake application, the two requirements are in direct conflict in this scenario."
31,37,"If an ETCS equipped train passes a level transition to a line fitted with more than one level, the onboard shall
switch to the highest level, according to the priority given by trackside, for which it is equipped.",ETCS shall only be functional up to a maximum train speed of 100 km/h.,conflict,"R31 requires that when an ETCS equipped train passes a level transition to a line fitted with more than one level, the onboard shall switch to the highest level, according to the priority given by trackside, for which it is equipped; however, R37 restricts ETCS to only be functional up to a maximum train speed of 100 km/h. Since switching to the highest level is a form of functionality, beyond 100 km/h ETCS may no longer be functional and thus unable to switch to the highest level, the two requirements are in direct conflict in this scenario."
31,43,"If an ETCS equipped train passes a level transition to a line fitted with more than one level, the onboard shall
switch to the highest level, according to the priority given by trackside, for which it is equipped.","The ETCS onboard equipment shall automatically switch to the lowest level available on a line, even if it is not
equipped for that level.",conflict,"Since R43 does not impose additional restrictions, its context implicitly requires the ETCS onboard equipment to automatically switch to the lowest level available on a line throughout the entire operation; however, R31 requires that when an ETCS equipped train passes a level transition to a line fitted with more than one level, the onboard shall switch to the highest level, according to the priority given by trackside, for which it is equipped. Since passing a level transition to a line fitted with more than one level constitutes a phase within normal operation, the two requirements are in direct conflict in this scenario. Furthermore, R43 itself contains an inherent requirement defect: it is contradictory within the requirement itself as to how the ETCS onboard equipment can automatically switch to the lowest level available on a line even if it is not equipped for that level."
32,42,The current operational status shall be indicated to the driver on the DMI,ETCS shall not provide any information to the driver during level transitions.,conflict,"R1 duplicates R32, and R1 conflicts with R42, so R32 conflicts with R42."
33,37,"If an ETCS equipped train passes a level transition to one or more levels for which it is not equipped, ETCS shall
initiate a brake application.",ETCS shall only be functional up to a maximum train speed of 100 km/h.,conflict,"R30 duplicates R33, and R30 conflicts with R37, so R33 conflicts with R37."
38,17,ETCS is required to be functional to a maximum train speed of 500 km/h.,"track to train information provided by national system. Onboard functions provided by national system (STM) in
co-operation with onboard ETCS.",conflict,"R38 duplicates R49, and R49 conflicts with R17, so R38 conflicts with R17."
38,22,ETCS is required to be functional to a maximum train speed of 500 km/h.,"track to train information provided by national system. Onboard functions provided by national system (STM) in
co-operation with onboard ETCS.",conflict,"R38 duplicates R49,R17 duplicates R22,  and R49 conflicts with R17, so R38 conflicts with R22."
49,22,ETCS is required to be functional to a maximum train speed of 500 km/h.,"track to train information provided by national system. Onboard functions provided by national system (STM) in
co-operation with onboard ETCS.",conflict,"R17 duplicates R22, and R49 conflicts with R17, so R49 conflicts with R22."
63,36,"national values received from the trackside shall be valid only for a limited time, after which they will be
automatically deleted from the onboard equipment.",Once received onboard the national values shall remain valid even if the onboard equipment is switched off.,conflict,"R36 duplicates R41, and R63 conflicts with R41, so R63 conflicts with R36."
