ID,Requirement
1,"After three continued failed login attempts, the account would be locked by the system. "
2,"Once the account is locked, the system sends an account lock notification email to the account¡¯s owner."
3,"Once an account is locked, the system would also send a SMS message to the account¡¯s owner to notify him about the situation owner"
4,"If a user has already received a notification via email, he will not receive the same notification via SMS."
5,The system shall invoice broker accounts once per year using CDR.
6,The system shall invoice broker accounts once per month using CDR.
7,It shall be forbidden to delete invoices issued.
8,A broker should be able to delete his own subscribers¡¯ accounts and associated data
9,Invoices shall only be stored in a subscriber account
10,It shall be forbidden for PBX accounts to have virtual circuits.
11,The system shall deactivate virtual circuits for PBX accounts that do not pay for the service.
12,The broker shall be able to access the rate table
13,"Only the administrator shall have access to the rate table, and he/she shall create an access list for brokers based on the rate table."
14,The system shall automatically assign unique identification numbers to all registered users.
15,Users shall have the option to customize the prefix of their own identification numbers and choose a user defined prefix.
16,"The system shall send email notifications to brokers and subscribers for invoice generation, approval requests, and payment reminders."
17,The system shall integrate with a payment gateway to facilitate online payments for generated invoices.
18,Payment history and status shall be recorded and accessible to authorized users.
19,"The system shall maintain an audit trail of all user actions, including account deletions, invoice modifications, and rate table access."
20,"The system shall provide reporting and analytics features, allowing administrators and brokers to analyze invoice data, payment trends, and subscriber usage patterns."
21,The system shall support invoicing and payments in multiple currencies if required.
22,"Monthly automated data backups shall be performed, and a data recovery plan shall be in place in case of system failures or data loss."
23,"If required, the system shall provide integration capabilities with Customer Relationship Management (CRM) or Enterprise Resource Planning (ERP) systems used by brokers."
24,"Brokers shall have the option to generate invoices in bulk for multiple subscribers simultaneously, streamlining the billing process."
25,The system shall offer integration capabilities with popular accounting software to simplify financial record-keeping for brokers.
26,"Brokers shall have access to a personalized dashboard that provides an overview of their account status, including earnings, subscriber activity, and invoice statistics."
27,"The system shall calculate and display broker commissions for each successfully paid invoice, allowing brokers to track their earnings."
28,"Brokers shall have the option to set credit limits for their subscribers, preventing over-usage and unpaid bills."
29,"In cases of severe policy violations or non-compliance, administrators shall have the authority to permanently terminate broker accounts."
30,Administrators shall have the authority to temporarily suspend broker accounts in cases of suspected fraudulent activity or policy violations.
31,"The system shall provide a registration process for new brokers, including verification of their credentials and approval by administrators."
32,The brokers shall not modify data in closed accounts
33,The system shall run an audit of all accounts once per month
34,Audit of all accounts shall be performed once every week.
35,The system shall prevent creation of accounts from foreign countries.
36,The system shall stop foreign accounts that have been inactive for more than three months
37,The broker shall be able to print the entire rate table from within the system
38,The broker shall be able to modify a new subscription account.
39,The broker shall be able to assign a user specified number for a new subscription account
40,It shall be forbidden to delete invoices.
41,The system shall highlight overdue invoices in the dashboard
42,A broker should be able to delete his own subscribers¡¯ accounts and associated invoices
43,The system shall not highlight overdue invoices in the dashboard
44,The system automatically create unique number for subscription acount at the time of enrolment.
45,A broker should be able to revise data in all of previously closed accounts.
